{"cameraMode":{"drawMode":0,"name":"Shaded","section":"Shading Mode"},"sceneLighting":true,"audioPlay":false,"sceneViewState":{"showFog":true,"showMaterialUpdate":false,"showSkybox":true,"showFlares":true,"showImageEffects":true,"showParticleSystems":true},"in2DMode":false,"pivot":{"x":1.0789066553115845,"y":6.0077714920043949,"z":32.62888717651367},"rotation":{"x":-0.0737336054444313,"y":-0.015859361737966539,"z":0.0011724295327439905,"w":-0.9971551299095154},"size":28.43954849243164,"orthographic":false}